{
	"inputs" : 
	[
		{
			"path" : "CMakeLists.txt"
		},
		{
			"isGenerated" : true,
			"path" : "cmake-build-debug/CMakeFiles/3.29.6/CMakeSystem.cmake"
		},
		{
			"isCMake" : true,
			"isExternal" : true,
			"path" : "C:/Users/ishol/AppData/Local/Programs/CLion/bin/cmake/win/x64/share/cmake-3.29/Modules/CMakeSystemSpecificInitialize.cmake"
		},
		{
			"isCMake" : true,
			"isExternal" : true,
			"path" : "C:/Users/ishol/AppData/Local/Programs/CLion/bin/cmake/win/x64/share/cmake-3.29/Modules/Platform/Windows-Initialize.cmake"
		},
		{
			"isGenerated" : true,
			"path" : "cmake-build-debug/CMakeFiles/3.29.6/CMakeCCompiler.cmake"
		},
		{
			"isGenerated" : true,
			"path" : "cmake-build-debug/CMakeFiles/3.29.6/CMakeCXXCompiler.cmake"
		},
		{
			"isCMake" : true,
			"isExternal" : true,
			"path" : "C:/Users/ishol/AppData/Local/Programs/CLion/bin/cmake/win/x64/share/cmake-3.29/Modules/CMakeSystemSpecificInformation.cmake"
		},
		{
			"isCMake" : true,
			"isExternal" : true,
			"path" : "C:/Users/ishol/AppData/Local/Programs/CLion/bin/cmake/win/x64/share/cmake-3.29/Modules/CMakeGenericSystem.cmake"
		},
		{
			"isCMake" : true,
			"isExternal" : true,
			"path" : "C:/Users/ishol/AppData/Local/Programs/CLion/bin/cmake/win/x64/share/cmake-3.29/Modules/CMakeInitializeConfigs.cmake"
		},
		{
			"isCMake" : true,
			"isExternal" : true,
			"path" : "C:/Users/ishol/AppData/Local/Programs/CLion/bin/cmake/win/x64/share/cmake-3.29/Modules/Platform/Windows.cmake"
		},
		{
			"isCMake" : true,
			"isExternal" : true,
			"path" : "C:/Users/ishol/AppData/Local/Programs/CLion/bin/cmake/win/x64/share/cmake-3.29/Modules/Platform/WindowsPaths.cmake"
		},
		{
			"isCMake" : true,
			"isExternal" : true,
			"path" : "C:/Users/ishol/AppData/Local/Programs/CLion/bin/cmake/win/x64/share/cmake-3.29/Modules/CMakeCInformation.cmake"
		},
		{
			"isCMake" : true,
			"isExternal" : true,
			"path" : "C:/Users/ishol/AppData/Local/Programs/CLion/bin/cmake/win/x64/share/cmake-3.29/Modules/CMakeLanguageInformation.cmake"
		},
		{
			"isCMake" : true,
			"isExternal" : true,
			"path" : "C:/Users/ishol/AppData/Local/Programs/CLion/bin/cmake/win/x64/share/cmake-3.29/Modules/Compiler/GNU-C.cmake"
		},
		{
			"isCMake" : true,
			"isExternal" : true,
			"path" : "C:/Users/ishol/AppData/Local/Programs/CLion/bin/cmake/win/x64/share/cmake-3.29/Modules/Compiler/GNU.cmake"
		},
		{
			"isCMake" : true,
			"isExternal" : true,
			"path" : "C:/Users/ishol/AppData/Local/Programs/CLion/bin/cmake/win/x64/share/cmake-3.29/Modules/Compiler/CMakeCommonCompilerMacros.cmake"
		},
		{
			"isCMake" : true,
			"isExternal" : true,
			"path" : "C:/Users/ishol/AppData/Local/Programs/CLion/bin/cmake/win/x64/share/cmake-3.29/Modules/Platform/Windows-GNU-C.cmake"
		},
		{
			"isCMake" : true,
			"isExternal" : true,
			"path" : "C:/Users/ishol/AppData/Local/Programs/CLion/bin/cmake/win/x64/share/cmake-3.29/Modules/Platform/Windows-GNU.cmake"
		},
		{
			"isGenerated" : true,
			"path" : "cmake-build-debug/CMakeFiles/3.29.6/CMakeRCCompiler.cmake"
		},
		{
			"isCMake" : true,
			"isExternal" : true,
			"path" : "C:/Users/ishol/AppData/Local/Programs/CLion/bin/cmake/win/x64/share/cmake-3.29/Modules/CMakeRCInformation.cmake"
		},
		{
			"isCMake" : true,
			"isExternal" : true,
			"path" : "C:/Users/ishol/AppData/Local/Programs/CLion/bin/cmake/win/x64/share/cmake-3.29/Modules/Platform/Windows-windres.cmake"
		},
		{
			"isCMake" : true,
			"isExternal" : true,
			"path" : "C:/Users/ishol/AppData/Local/Programs/CLion/bin/cmake/win/x64/share/cmake-3.29/Modules/Platform/Windows-GNU-C-ABI.cmake"
		},
		{
			"isCMake" : true,
			"isExternal" : true,
			"path" : "C:/Users/ishol/AppData/Local/Programs/CLion/bin/cmake/win/x64/share/cmake-3.29/Modules/CMakeCommonLanguageInclude.cmake"
		},
		{
			"isCMake" : true,
			"isExternal" : true,
			"path" : "C:/Users/ishol/AppData/Local/Programs/CLion/bin/cmake/win/x64/share/cmake-3.29/Modules/CMakeCXXInformation.cmake"
		},
		{
			"isCMake" : true,
			"isExternal" : true,
			"path" : "C:/Users/ishol/AppData/Local/Programs/CLion/bin/cmake/win/x64/share/cmake-3.29/Modules/CMakeLanguageInformation.cmake"
		},
		{
			"isCMake" : true,
			"isExternal" : true,
			"path" : "C:/Users/ishol/AppData/Local/Programs/CLion/bin/cmake/win/x64/share/cmake-3.29/Modules/Compiler/GNU-CXX.cmake"
		},
		{
			"isCMake" : true,
			"isExternal" : true,
			"path" : "C:/Users/ishol/AppData/Local/Programs/CLion/bin/cmake/win/x64/share/cmake-3.29/Modules/Compiler/GNU.cmake"
		},
		{
			"isCMake" : true,
			"isExternal" : true,
			"path" : "C:/Users/ishol/AppData/Local/Programs/CLion/bin/cmake/win/x64/share/cmake-3.29/Modules/Platform/Windows-GNU-CXX.cmake"
		},
		{
			"isCMake" : true,
			"isExternal" : true,
			"path" : "C:/Users/ishol/AppData/Local/Programs/CLion/bin/cmake/win/x64/share/cmake-3.29/Modules/Platform/Windows-GNU.cmake"
		},
		{
			"isCMake" : true,
			"isExternal" : true,
			"path" : "C:/Users/ishol/AppData/Local/Programs/CLion/bin/cmake/win/x64/share/cmake-3.29/Modules/Platform/Windows-GNU-CXX-ABI.cmake"
		},
		{
			"isCMake" : true,
			"isExternal" : true,
			"path" : "C:/Users/ishol/AppData/Local/Programs/CLion/bin/cmake/win/x64/share/cmake-3.29/Modules/CMakeCommonLanguageInclude.cmake"
		}
	],
	"kind" : "cmakeFiles",
	"paths" : 
	{
		"build" : "C:/Users/ishol/CLionProjects/Assignment2_sentiment/cmake-build-debug",
		"source" : "C:/Users/ishol/CLionProjects/Assignment2_sentiment"
	},
	"version" : 
	{
		"major" : 1,
		"minor" : 0
	}
}
